ordered_features,unordered_features,ordered_ratio,total_features,num_runs,steps_mean,steps_std,steps_min,steps_max,unique_cultures_mean,unique_cultures_std,unique_cultures_min,unique_cultures_max,largest_domain_mean,largest_domain_std,avg_distance_mean,avg_distance_std,prob_global_consensus
5,0,100.0,5,200,69036.66,21776.925610939667,32528,141106,1.795,0.9396674943829865,1,6,99.065,1.2493098094548045,0.015222222222222222,0.01878435124916088,0.465
4,1,80.0,5,200,70162.18,22091.750471558382,31436,151671,1.465,0.6072684743999148,1,4,99.38,1.002796090937734,0.009305555555555556,0.01281320571678847,0.59
3,2,60.0,5,200,71806.61,21690.271706410225,31314,148921,1.46,0.7200000000000001,1,5,99.29,1.3913662350366278,0.00988888888888889,0.016055074963972155,0.645
2,3,40.0,5,200,72067.395,22970.050842759905,35448,162574,1.355,0.615609454118437,1,4,99.14,3.4496956387484388,0.007805555555555554,0.01420851661660866,0.71
1,4,20.0,5,200,76670.37,21674.53267023536,31138,156754,1.41,0.7084490101623405,1,6,98.555,4.1972580335261735,0.01136111111111111,0.021909589055767172,0.68
0,5,0.0,5,200,77908.05,22506.332817176146,37499,178706,1.435,0.7587983921965044,1,6,97.835,7.115319739828984,0.012833333333333332,0.02868189733207866,0.67
